id,name,nickname,phone,email,birth,gender,address,latitude,longitude,user_role,profile_url,interest_category,created_at,updated_at
1,김민수,minsoo_kim,010-1234-5678,minsoo.kim@email.com,1995-03-15,M,서울특별시 마포구 홍익로 13-15,37.5534,126.9211,USER,https://example.com/profile/1,가공식품,2024-01-15 10:30:00,2024-01-15 10:30:00
2,이지은,jieun_lee,010-2345-6789,jieun.lee@email.com,1988-07-22,F,서울특별시 서대문구 연세로 50,37.5595,126.9425,USER,https://example.com/profile/2,주방용품,2024-01-15 11:15:00,2024-01-15 11:15:00
3,박서준,seojun_park,010-3456-7890,seojun.park@email.com,1992-11-08,M,서울특별시 마포구 홍익로5안길 20,37.5534,126.9211,ADMIN,https://example.com/profile/3,생활용품,2024-01-15 12:00:00,2024-01-15 12:00:00
4,최유진,yujin_choi,010-4567-8901,yujin.choi@email.com,1990-05-30,F,서울특별시 서대문구 신촌로 134,37.5595,126.9368,USER,https://example.com/profile/4,신선식품,2024-01-15 13:45:00,2024-01-15 13:45:00
5,정현우,hyunwoo_jung,010-5678-9012,hyunwoo.jung@email.com,1987-09-14,M,서울특별시 중구 을지로 281,37.5635,126.983,USER,https://example.com/profile/5,생활용품,2024-01-15 14:30:00,2024-01-15 14:30:00
6,한소영,soyoung_han,010-6789-0123,soyoung.han@email.com,1993-12-03,F,서울특별시 마포구 홍익로 9,37.5534,126.9211,USER,https://example.com/profile/6,신선식품,2024-01-15 15:15:00,2024-01-15 15:15:00
7,강동혁,donghyuk_kang,010-7890-1234,donghyuk.kang@email.com,1991-04-27,M,서울특별시 서대문구 통일로 484,37.5892,126.9458,USER,https://example.com/profile/7,생활용품,2024-01-15 16:00:00,2024-01-15 16:00:00
8,윤채린,chaerin_yoon,010-8901-2345,chaerin.yoon@email.com,1996-08-11,F,서울특별시 종로구 종로 51,37.5717,126.9857,USER,https://example.com/profile/8,신선식품,2024-01-15 16:45:00,2024-01-15 16:45:00
9,임재웅,jaewoong_lim,010-9012-3456,jaewoong.lim@email.com,1989-01-19,M,서울특별시 마포구 홍익로5길 25,37.5534,126.9211,USER,https://example.com/profile/9,신선식품,2024-01-15 17:30:00,2024-01-15 17:30:00
10,송하늘,haneul_song,010-0123-4567,haneul.song@email.com,1994-06-25,F,서울특별시 서대문구 독립문로 227,37.5748,126.9565,ADMIN,https://example.com/profile/10,가공식품,2024-01-15 18:15:00,2024-01-15 18:15:00
11,조민철,minchul_cho,010-1357-2468,minchul.cho@email.com,1986-10-07,M,서울특별시 용산구 이태원로 177,37.5343,126.9947,USER,https://example.com/profile/11,가공식품,2024-01-16 09:00:00,2024-01-16 09:00:00
12,김다영,dayoung_kim,010-2468-1357,dayoung.kim@email.com,1997-02-13,F,서울특별시 마포구 홍익로 11,37.5534,126.9211,USER,https://example.com/profile/12,주방용품,2024-01-16 09:45:00,2024-01-16 09:45:00
13,이성민,seongmin_lee,010-3691-4725,seongmin.lee@email.com,1985-12-28,M,서울특별시 서대문구 성산로 394,37.558,126.9369,USER,https://example.com/profile/13,신선식품,2024-01-16 10:30:00,2024-01-16 10:30:00
14,박미래,mirae_park,010-4725-3691,mirae.park@email.com,1998-04-16,F,서울특별시 마포구 와우산로 94,37.55,126.929,USER,https://example.com/profile/14,주방용품,2024-01-16 11:15:00,2024-01-16 11:15:00
15,최준호,junho_choi,010-5814-7036,junho.choi@email.com,1990-08-02,M,서울특별시 서대문구 거북골로 34,37.5721,126.9387,USER,https://example.com/profile/15,가공식품,2024-01-16 12:00:00,2024-01-16 12:00:00
16,정예린,yerin_jung,010-7036-5814,yerin.jung@email.com,1992-11-20,F,서울특별시 중구 한강대로 405,37.5547,126.9706,USER,https://example.com/profile/16,가공식품,2024-01-16 12:45:00,2024-01-16 12:45:00
17,한태윤,taeyoon_han,010-8159-6284,taeyoon.han@email.com,1987-05-09,M,서울특별시 마포구 홍익로5안길 32,37.5534,126.9211,USER,https://example.com/profile/17,신선식품,2024-01-16 13:30:00,2024-01-16 13:30:00
18,강수빈,subin_kang,010-9273-1648,subin.kang@email.com,1995-09-14,F,서울특별시 서대문구 모래내로 375,37.5798,126.9321,ADMIN,https://example.com/profile/18,가공식품,2024-01-16 14:15:00,2024-01-16 14:15:00
19,윤정우,jungwoo_yoon,010-1648-9273,jungwoo.yoon@email.com,1988-01-30,M,서울특별시 종로구 율곡로 99,37.5762,126.9831,USER,https://example.com/profile/19,생활용품,2024-01-16 15:00:00,2024-01-16 15:00:00
20,임소은,soeun_lim,010-2059-3867,soeun.lim@email.com,1993-07-18,F,서울특별시 마포구 홍익로 20,37.5534,126.9211,USER,https://example.com/profile/20,신선식품,2024-01-16 15:45:00,2024-01-16 15:45:00
21,송민재,minjae_song,010-3867-2059,minjae.song@email.com,1991-03-05,M,서울특별시 서대문구 명지대길 122,37.5798,126.9321,USER,https://example.com/profile/21,신선식품,2024-01-16 16:30:00,2024-01-16 16:30:00
22,조하윤,hayoon_cho,010-4158-7392,hayoon.cho@email.com,1996-10-22,F,서울특별시 용산구 한남대로 456,37.5326,126.99,USER,https://example.com/profile/22,신선식품,2024-01-16 17:15:00,2024-01-16 17:15:00
23,김도현,dohyun_kim,010-7392-4158,dohyun.kim@email.com,1989-06-13,M,서울특별시 마포구 홍익로 15,37.5534,126.9211,USER,https://example.com/profile/23,신선식품,2024-01-16 18:00:00,2024-01-16 18:00:00
24,이아름,areum_lee,010-5741-9628,areum.lee@email.com,1994-12-01,F,서울특별시 서대문구 연세로 52,37.5595,126.9425,USER,https://example.com/profile/24,생활용품,2024-01-16 18:45:00,2024-01-16 18:45:00
25,박지훈,jihoon_park,010-9628-5741,jihoon.park@email.com,1987-04-24,M,서울특별시 마포구 양화로 188,37.55,126.914,ADMIN,https://example.com/profile/25,주방용품,2024-01-17 09:00:00,2024-01-17 09:00:00
26,최서윤,seoyoon_choi,010-6283-7410,seoyoon.choi@email.com,1992-08-17,F,서울특별시 서대문구 신촌로 136,37.5595,126.9368,USER,https://example.com/profile/26,생활용품,2024-01-17 09:45:00,2024-01-17 09:45:00
27,정우진,woojin_jung,010-7410-6283,woojin.jung@email.com,1990-02-06,M,서울특별시 중구 남대문로 890,37.5638,126.9973,USER,https://example.com/profile/27,생활용품,2024-01-17 10:30:00,2024-01-17 10:30:00
28,한예진,yejin_han,010-8526-1974,yejin.han@email.com,1995-11-29,F,서울특별시 마포구 월드컵로 240,37.5563,126.9194,USER,https://example.com/profile/28,주방용품,2024-01-17 11:15:00,2024-01-17 11:15:00
29,강현수,hyunsoo_kang,010-1974-8526,hyunsoo.kang@email.com,1988-05-15,M,서울특별시 서대문구 통일로 486,37.5892,126.9458,USER,https://example.com/profile/29,생활용품,2024-01-17 12:00:00,2024-01-17 12:00:00
30,윤지안,jian_yoon,010-3695-1482,jian.yoon@email.com,1993-09-03,F,서울특별시 종로구 창경궁로 789,37.5729,126.9794,USER,https://example.com/profile/30,가공식품,2024-01-17 12:45:00,2024-01-17 12:45:00
31,임동현,donghyun_lim,010-1482-3695,donghyun.lim@email.com,1986-01-21,M,서울특별시 마포구 마포대로 109,37.5555,126.9105,USER,https://example.com/profile/31,생활용품,2024-01-17 13:30:00,2024-01-17 13:30:00
32,송유나,yuna_song,010-2587-1463,yuna.song@email.com,1997-07-08,F,서울특별시 서대문구 독립문로 229,37.5748,126.9565,USER,https://example.com/profile/32,생활용품,2024-01-17 14:15:00,2024-01-17 14:15:00
33,조태현,taehyun_cho,010-1463-2587,taehyun.cho@email.com,1985-11-25,M,서울특별시 용산구 청파로 123,37.5326,126.99,USER,https://example.com/profile/33,생활용품,2024-01-17 15:00:00,2024-01-17 15:00:00
34,김예슬,yeseul_kim,010-3698-1472,yeseul.kim@email.com,1991-03-12,F,서울특별시 마포구 와우산로 96,37.55,126.929,USER,https://example.com/profile/34,주방용품,2024-01-17 15:45:00,2024-01-17 15:45:00
35,이현진,hyunjin_lee,010-1472-3698,hyunjin.lee@email.com,1994-07-29,M,서울특별시 서대문구 성산로 396,37.558,126.9369,USER,https://example.com/profile/35,주방용품,2024-01-17 16:30:00,2024-01-17 16:30:00
36,박소라,sora_park,010-2584-1396,sora.park@email.com,1990-12-16,F,서울특별시 마포구 동교로 161,37.5578,126.9258,USER,https://example.com/profile/36,가공식품,2024-01-17 17:15:00,2024-01-17 17:15:00
37,최민기,minki_choi,010-1396-2584,minki.choi@email.com,1987-04-03,M,서울특별시 서대문구 거북골로 36,37.5721,126.9387,ADMIN,https://example.com/profile/37,주방용품,2024-01-17 18:00:00,2024-01-17 18:00:00
38,정다은,daeun_jung,010-7410-8529,daeun.jung@email.com,1993-08-20,F,서울특별시 중구 퇴계로 890,37.5638,126.9973,USER,https://example.com/profile/38,생활용품,2024-01-17 18:45:00,2024-01-17 18:45:00
39,한민우,minwoo_han,010-8529-7410,minwoo.han@email.com,1989-01-07,M,서울특별시 마포구 독막로 306,37.5634,126.9147,USER,https://example.com/profile/39,생활용품,2024-01-18 09:00:00,2024-01-18 09:00:00
40,강지우,jiwoo_kang,010-9631-4785,jiwoo.kang@email.com,1996-05-24,F,서울특별시 서대문구 모래내로 377,37.5798,126.9321,USER,https://example.com/profile/40,신선식품,2024-01-18 09:45:00,2024-01-18 09:45:00
41,박성호,seongho_park,010-4785-9631,seongho.yoon2@email.com,1984-09-11,M,서울특별시 종로구 돈화문로 789,37.5729,126.9794,USER,https://example.com/profile/41,가공식품,2024-01-18 10:30:00,2024-01-18 10:30:00
42,임수정,sujeong_lim,010-1597-2836,sujeong.lim@email.com,1991-11-28,F,서울특별시 마포구 포은로 123,37.5625,126.9269,USER,https://example.com/profile/42,주방용품,2024-01-18 11:15:00,2024-01-18 11:15:00
43,송철민,cheolmin_song,010-2836-1597,cheolmin.song@email.com,1988-03-15,M,서울특별시 서대문구 명지대길 124,37.5798,126.9321,USER,https://example.com/profile/43,주방용품,2024-01-18 12:00:00,2024-01-18 12:00:00
44,조은영,eunyoung_cho,010-3574-8629,eunyoung.cho@email.com,1995-07-02,F,서울특별시 용산구 백범로 890,37.5326,126.99,USER,https://example.com/profile/44,가공식품,2024-01-18 12:45:00,2024-01-18 12:45:00
45,김상현,sanghyun_kim,010-8629-3574,sanghyun.kim@email.com,1986-10-19,M,서울특별시 마포구 홍익로 17,37.5534,126.9211,USER,https://example.com/profile/45,가공식품,2024-01-18 13:30:00,2024-01-18 13:30:00
46,이보라,bora_lee,010-4816-7293,bora.lee@email.com,1992-02-26,F,서울특별시 서대문구 연세로 54,37.5595,126.9425,USER,https://example.com/profile/46,신선식품,2024-01-18 14:15:00,2024-01-18 14:15:00
47,박영수,youngsu_park,010-7293-4816,youngsu.park@email.com,1990-06-13,M,서울특별시 마포구 양화로 190,37.55,126.914,ADMIN,https://example.com/profile/47,가공식품,2024-01-18 15:00:00,2024-01-18 15:00:00
48,최혜진,hyejin_choi,010-5927-1384,hyejin.choi@email.com,1993-10-30,F,서울특별시 서대문구 신촌로 138,37.5595,126.9368,USER,https://example.com/profile/48,생활용품,2024-01-18 15:45:00,2024-01-18 15:45:00
49,정태양,taeyang_jung,010-1384-5927,taeyang.jung@email.com,1987-01-17,M,서울특별시 중구 세종대로 456,37.5638,126.9973,USER,https://example.com/profile/49,가공식품,2024-01-18 16:30:00,2024-01-18 16:30:00
50,한지민,jimin_han,010-6380-2714,jimin.han@email.com,1994-05-04,F,서울특별시 마포구 월드컵로 242,37.5563,126.9194,USER,https://example.com/profile/50,가공식품,2024-01-18 17:15:00,2024-01-18 17:15:00
51,강동원,dongwon_kang,010-2714-6380,dongwon.kang@email.com,1985-08-21,M,서울특별시 서대문구 통일로 488,37.5892,126.9458,USER,https://example.com/profile/51,가공식품,2024-01-18 18:00:00,2024-01-18 18:00:00
52,윤서현,seohyun_yoon,010-7418-3052,seohyun.yoon@email.com,1996-12-08,F,서울특별시 종로구 사직로 567,37.5729,126.9794,USER,https://example.com/profile/52,주방용품,2024-01-18 18:45:00,2024-01-18 18:45:00
53,임현석,hyunseok_lim,010-3052-7418,hyunseok.lim@email.com,1989-04-25,M,서울특별시 마포구 마포대로 111,37.5555,126.9105,USER,https://example.com/profile/53,생활용품,2024-01-19 09:00:00,2024-01-19 09:00:00
54,송하영,hayoung_song,010-8591-2647,hayoung.song@email.com,1991-07-12,F,서울특별시 서대문구 독립문로 231,37.5748,126.9565,USER,https://example.com/profile/54,신선식품,2024-01-19 09:45:00,2024-01-19 09:45:00
55,조건우,gunwoo_cho,010-2647-8591,gunwoo.cho@email.com,1988-11-29,M,서울특별시 용산구 소월로 456,37.5326,126.99,USER,https://example.com/profile/55,생활용품,2024-01-19 10:30:00,2024-01-19 10:30:00
56,김나연,nayeon_kim,010-1740-5283,nayeon.kim@email.com,1995-03-16,F,서울특별시 마포구 와우산로 98,37.55,126.929,ADMIN,https://example.com/profile/56,가공식품,2024-01-19 11:15:00,2024-01-19 11:15:00
57,이재혁,jaehyuk_lee,010-5283-1740,jaehyuk.lee@email.com,1986-06-03,M,서울특별시 서대문구 성산로 398,37.558,126.9369,USER,https://example.com/profile/57,신선식품,2024-01-19 12:00:00,2024-01-19 12:00:00
58,박수민,sumin_park,010-4629-7158,sumin.park@email.com,1992-09-20,F,서울특별시 마포구 동교로 163,37.5578,126.9258,USER,https://example.com/profile/58,가공식품,2024-01-19 12:45:00,2024-01-19 12:45:00
59,최현우,hyunwoo_choi,010-7158-4629,hyunwoo.choi@email.com,1990-01-07,M,서울특별시 서대문구 거북골로 38,37.5721,126.9387,USER,https://example.com/profile/59,주방용품,2024-01-19 13:30:00,2024-01-19 13:30:00
60,정민지,minji_jung,010-8395-1627,minji.jung@email.com,1993-04-24,F,서울특별시 중구 명동길 123,37.5638,126.9973,USER,https://example.com/profile/60,가공식품,2024-01-19 14:15:00,2024-01-19 14:15:00
61,한승호,seungho_han,010-1627-8395,seungho.han@email.com,1987-08-11,M,서울특별시 마포구 독막로 308,37.5634,126.9147,USER,https://example.com/profile/61,생활용품,2024-01-19 15:00:00,2024-01-19 15:00:00
62,강은비,eunbi_kang,010-2849-6173,eunbi.kang@email.com,1994-11-28,F,서울특별시 서대문구 모래내로 379,37.5798,126.9321,USER,https://example.com/profile/62,주방용품,2024-01-19 15:45:00,2024-01-19 15:45:00
63,윤태민,taemin_yoon,010-6173-2849,taemin.yoon@email.com,1985-02-15,M,서울특별시 종로구 종로3가 45,37.5729,126.9794,USER,https://example.com/profile/63,신선식품,2024-01-19 16:30:00,2024-01-19 16:30:00
64,임채린,chaerin_lim,010-3517-9284,chaerin.lim@email.com,1991-05-02,F,서울특별시 마포구 포은로 125,37.5625,126.9269,USER,https://example.com/profile/64,주방용품,2024-01-19 17:15:00,2024-01-19 17:15:00
65,송민석,minseok_song,010-9284-3517,minseok.song@email.com,1989-09-19,M,서울특별시 서대문구 명지대길 126,37.5798,126.9321,USER,https://example.com/profile/65,가공식품,2024-01-19 18:00:00,2024-01-19 18:00:00
66,조예은,yeeun_cho,010-4682-7391,yeeun.cho@email.com,1996-01-06,F,서울특별시 용산구 한강로 123,37.5326,126.99,USER,https://example.com/profile/66,가공식품,2024-01-19 18:45:00,2024-01-19 18:45:00
67,김진우,jinwoo_kim,010-7391-4682,jinwoo.kim@email.com,1984-04-23,M,서울특별시 마포구 홍익로 19,37.5534,126.9211,ADMIN,https://example.com/profile/67,주방용품,2024-01-20 09:00:00,2024-01-20 09:00:00
68,이소영,soyoung_lee,010-5926-1483,soyoung.lee@email.com,1992-07-10,F,서울특별시 서대문구 연세로 56,37.5595,126.9425,USER,https://example.com/profile/68,주방용품,2024-01-20 09:45:00,2024-01-20 09:45:00
69,박준석,junseok_park,010-1483-5926,junseok.park@email.com,1988-10-27,M,서울특별시 마포구 양화로 192,37.55,126.914,USER,https://example.com/profile/69,생활용품,2024-01-20 10:30:00,2024-01-20 10:30:00
70,최다혜,dahye_choi,010-6384-2917,dahye.choi@email.com,1995-02-14,F,서울특별시 서대문구 신촌로 140,37.5595,126.9368,USER,https://example.com/profile/70,생활용품,2024-01-20 11:15:00,2024-01-20 11:15:00
71,정호석,hoseok_jung,010-2917-6384,hoseok.jung@email.com,1987-06-01,M,서울특별시 중구 청계천로 123,37.5638,126.9973,USER,https://example.com/profile/71,신선식품,2024-01-20 12:00:00,2024-01-20 12:00:00
72,한지효,jihyo_han,010-7241-8630,jihyo.han@email.com,1993-09-18,F,서울특별시 마포구 월드컵로 244,37.5563,126.9194,USER,https://example.com/profile/72,주방용품,2024-01-20 12:45:00,2024-01-20 12:45:00
73,강민성,minseong_kang,010-8630-7241,minseong.kang@email.com,1990-12-05,M,서울특별시 서대문구 통일로 490,37.5892,126.9458,USER,https://example.com/profile/73,신선식품,2024-01-20 13:30:00,2024-01-20 13:30:00
74,윤수아,sua_yoon,010-1572-4896,sua.yoon@email.com,1986-03-22,F,서울특별시 종로구 인사동길 234,37.5729,126.9794,USER,https://example.com/profile/74,주방용품,2024-01-20 14:15:00,2024-01-20 14:15:00
75,임원빈,wonbin_lim,010-4896-1572,wonbin.lim@email.com,1994-06-09,M,서울특별시 마포구 마포대로 113,37.5555,126.9105,USER,https://example.com/profile/75,생활용품,2024-01-20 15:00:00,2024-01-20 15:00:00
76,송하은,haeun_song,010-3689-7412,haeun.song@email.com,1991-10-26,F,서울특별시 서대문구 독립문로 233,37.5748,126.9565,ADMIN,https://example.com/profile/76,가공식품,2024-01-20 15:45:00,2024-01-20 15:45:00
77,조현수,hyunsu_cho,010-7412-3689,hyunsu.cho@email.com,1985-01-13,M,서울특별시 용산구 녹사평대로 123,37.5326,126.99,USER,https://example.com/profile/77,가공식품,2024-01-20 16:30:00,2024-01-20 16:30:00
78,김소현,sohyun_kim,010-5824-1697,sohyun.kim@email.com,1992-04-30,F,서울특별시 마포구 와우산로 100,37.55,126.929,USER,https://example.com/profile/78,신선식품,2024-01-20 17:15:00,2024-01-20 17:15:00
79,이동혁,donghyuk_lee,010-1697-5824,donghyuk.lee@email.com,1989-08-17,M,서울특별시 서대문구 성산로 400,37.558,126.9369,USER,https://example.com/profile/79,생활용품,2024-01-20 18:00:00,2024-01-20 18:00:00
80,박윤아,yuna_park,010-2485-6931,yuna.park@email.com,1996-11-04,F,서울특별시 마포구 동교로 165,37.5578,126.9258,USER,https://example.com/profile/80,신선식품,2024-01-20 18:45:00,2024-01-20 18:45:00
81,최성민,seongmin_choi,010-6931-2485,seongmin.choi@email.com,1987-02-21,M,서울특별시 서대문구 거북골로 40,37.5721,126.9387,USER,https://example.com/profile/81,생활용품,2024-01-21 09:00:00,2024-01-21 09:00:00
82,정수빈,subin_jung,010-7394-8521,subin.jung@email.com,1993-05-08,F,서울특별시 중구 다동길 890,37.5638,126.9973,USER,https://example.com/profile/82,가공식품,2024-01-21 09:45:00,2024-01-21 09:45:00
83,한재민,jaemin_han,010-8521-7394,jaemin.han@email.com,1988-09-25,M,서울특별시 마포구 독막로 310,37.5634,126.9147,USER,https://example.com/profile/83,생활용품,2024-01-21 10:30:00,2024-01-21 10:30:00
84,강채원,chaewon_kang,010-1473-5826,chaewon.kang@email.com,1995-01-12,F,서울특별시 서대문구 모래내로 381,37.5798,126.9321,USER,https://example.com/profile/84,가공식품,2024-01-21 11:15:00,2024-01-21 11:15:00
85,윤도현,dohyun_yoon,010-5826-1473,dohyun.yoon@email.com,1986-04-29,M,서울특별시 종로구 계동길 789,37.5729,126.9794,USER,https://example.com/profile/85,가공식품,2024-01-21 12:00:00,2024-01-21 12:00:00
86,임예진,yejin_lim,010-3647-9182,yejin.lim@email.com,1991-07-16,F,서울특별시 마포구 포은로 127,37.5625,126.9269,ADMIN,https://example.com/profile/86,가공식품,2024-01-21 12:45:00,2024-01-21 12:45:00
87,송태현,taehyun_song,010-9182-3647,taehyun.song@email.com,1984-11-03,M,서울특별시 서대문구 명지대길 128,37.5798,126.9321,USER,https://example.com/profile/87,주방용품,2024-01-21 13:30:00,2024-01-21 13:30:00
88,조아라,ara_cho,010-2951-6374,ara.cho@email.com,1992-02-20,F,서울특별시 용산구 서빙고로 890,37.5326,126.99,USER,https://example.com/profile/88,신선식품,2024-01-21 14:15:00,2024-01-21 14:15:00
89,김준영,junyoung_kim,010-6374-2951,junyoung.kim@email.com,1990-06-07,M,서울특별시 마포구 홍익로 21,37.5534,126.9211,USER,https://example.com/profile/89,주방용품,2024-01-21 15:00:00,2024-01-21 15:00:00
90,이하린,harin_lee,010-8195-4637,harin.lee@email.com,1987-09-24,F,서울특별시 서대문구 연세로 58,37.5595,126.9425,USER,https://example.com/profile/90,주방용품,2024-01-21 15:45:00,2024-01-21 15:45:00
91,박태윤,taeyoon_park,010-4637-8195,taeyoon.park@email.com,1994-01-11,M,서울특별시 마포구 양화로 194,37.55,126.914,USER,https://example.com/profile/91,주방용품,2024-01-21 16:30:00,2024-01-21 16:30:00
92,최은지,eunji_choi,010-7483-1529,eunji.choi@email.com,1989-04-28,F,서울특별시 서대문구 신촌로 142,37.5595,126.9368,USER,https://example.com/profile/92,주방용품,2024-01-21 17:15:00,2024-01-21 17:15:00
93,정현빈,hyunbin_jung,010-1529-7483,hyunbin.jung@email.com,1985-08-15,M,서울특별시 중구 소공로 567,37.5638,126.9973,USER,https://example.com/profile/93,가공식품,2024-01-21 18:00:00,2024-01-21 18:00:00
94,한지성,jisung_han,010-5962-3748,jisung.han@email.com,1993-11-02,M,서울특별시 마포구 월드컵로 246,37.5563,126.9194,ADMIN,https://example.com/profile/94,생활용품,2024-01-21 18:45:00,2024-01-21 18:45:00
95,강서영,seoyoung_kang,010-3748-5962,seoyoung.kang@email.com,1991-03-19,F,서울특별시 서대문구 통일로 492,37.5892,126.9458,USER,https://example.com/profile/95,주방용품,2024-01-22 09:00:00,2024-01-22 09:00:00
96,윤지훈,jihoon_yoon,010-1684-2957,jihoon.yoon@email.com,1988-06-06,M,서울특별시 종로구 삼일대로 456,37.5729,126.9794,USER,https://example.com/profile/96,생활용품,2024-01-22 09:45:00,2024-01-22 09:45:00
97,임서연,seoyeon_lim,010-2957-1684,seoyeon.lim@email.com,1996-10-23,F,서울특별시 마포구 마포대로 115,37.5555,126.9105,USER,https://example.com/profile/97,주방용품,2024-01-22 10:30:00,2024-01-22 10:30:00
98,송현우,hyunwoo_song,010-4851-7392,hyunwoo.song@email.com,1986-01-10,M,서울특별시 서대문구 독립문로 235,37.5748,126.9565,USER,https://example.com/profile/98,신선식품,2024-01-22 11:15:00,2024-01-22 11:15:00
99,조민서,minseo_cho,010-7392-4851,minseo.cho@email.com,1992-04-27,F,서울특별시 용산구 한강대로 567,37.5326,126.99,USER,https://example.com/profile/99,주방용품,2024-01-22 12:00:00,2024-01-22 12:00:00
100,김시우,siwoo_kim,010-3526-8174,siwoo.kim@email.com,1990-08-14,M,서울특별시 마포구 와우산로 102,37.55,126.929,USER,https://example.com/profile/100,생활용품,2024-01-22 12:45:00,2024-01-22 12:45:00
101,이주하,juha_lee,010-8174-3526,juha.lee@email.com,1987-11-01,F,서울특별시 서대문구 성산로 402,37.558,126.9369,USER,https://example.com/profile/101,생활용품,2024-01-22 13:30:00,2024-01-22 13:30:00
102,박도윤,doyoon_park,010-6297-4583,doyoon.park@email.com,1994-02-18,M,서울특별시 마포구 동교로 167,37.5578,126.9258,ADMIN,https://example.com/profile/102,주방용품,2024-01-22 14:15:00,2024-01-22 14:15:00
103,최은서,eunseo_choi,010-4583-6297,eunseo.choi@email.com,1989-05-05,F,서울특별시 서대문구 거북골로 42,37.5721,126.9387,USER,https://example.com/profile/103,가공식품,2024-01-22 15:00:00,2024-01-22 15:00:00
104,정우성,woosung_jung,010-7418-1963,woosung.jung@email.com,1985-09-22,M,서울특별시 중구 장충단로 234,37.5638,126.9973,USER,https://example.com/profile/104,생활용품,2024-01-22 15:45:00,2024-01-22 15:45:00
105,한다인,dain_han,010-1963-7418,dain.han@email.com,1993-12-09,F,서울특별시 마포구 독막로 312,37.5634,126.9147,USER,https://example.com/profile/105,신선식품,2024-01-22 16:30:00,2024-01-22 16:30:00
106,강정호,jungho_kang,010-5847-2196,jungho.kang@email.com,1991-03-26,M,서울특별시 서대문구 모래내로 383,37.5798,126.9321,USER,https://example.com/profile/106,가공식품,2024-01-22 17:15:00,2024-01-22 17:15:00
107,윤채은,chaeeun_yoon,010-2196-5847,chaeeun.yoon@email.com,1988-07-13,F,서울특별시 종로구 우정국로 123,37.5729,126.9794,USER,https://example.com/profile/107,가공식품,2024-01-22 18:00:00,2024-01-22 18:00:00
108,임기태,kitae_lim,010-3741-6859,kitae.lim@email.com,1986-10-30,M,서울특별시 마포구 포은로 129,37.5625,126.9269,USER,https://example.com/profile/108,주방용품,2024-01-22 18:45:00,2024-01-22 18:45:00
109,송지아,jia_song,010-6859-3741,jia.song@email.com,1995-01-17,F,서울특별시 서대문구 명지대길 130,37.5798,126.9321,USER,https://example.com/profile/109,가공식품,2024-01-23 09:00:00,2024-01-23 09:00:00
110,조민호,minho_cho,010-4925-1673,minho.cho@email.com,1984-04-04,M,서울특별시 용산구 원효로 234,37.5326,126.99,ADMIN,https://example.com/profile/110,신선식품,2024-01-23 09:45:00,2024-01-23 09:45:00
111,김가은,gaeun_kim,010-1673-4925,gaeun.kim@email.com,1992-07-21,F,서울특별시 마포구 홍익로 23,37.5534,126.9211,USER,https://example.com/profile/111,주방용품,2024-01-23 10:30:00,2024-01-23 10:30:00
112,이한결,hangyeol_lee,010-8367-5294,hangyeol.lee@email.com,1990-10-08,M,서울특별시 서대문구 연세로 60,37.5595,126.9425,USER,https://example.com/profile/112,가공식품,2024-01-23 11:15:00,2024-01-23 11:15:00
113,박서은,seoeun_park,010-5294-8367,seoeun.park@email.com,1987-01-25,F,서울특별시 마포구 양화로 196,37.55,126.914,USER,https://example.com/profile/113,생활용품,2024-01-23 12:00:00,2024-01-23 12:00:00
114,최태호,taeho_choi,010-2481-7639,taeho.choi@email.com,1993-04-12,M,서울특별시 서대문구 신촌로 144,37.5595,126.9368,USER,https://example.com/profile/114,가공식품,2024-01-23 12:45:00,2024-01-23 12:45:00
115,정소민,somin_jung,010-7639-2481,somin.jung@email.com,1989-08-29,F,서울특별시 중구 필동로 789,37.5638,126.9973,USER,https://example.com/profile/115,신선식품,2024-01-23 13:30:00,2024-01-23 13:30:00
116,한규민,gyumin_han,010-6158-3947,gyumin.han@email.com,1996-11-16,M,서울특별시 마포구 월드컵로 248,37.5563,126.9194,USER,https://example.com/profile/116,가공식품,2024-01-23 14:15:00,2024-01-23 14:15:00
117,강유림,yurim_kang,010-3947-6158,yurim.kang@email.com,1985-02-03,F,서울특별시 서대문구 통일로 494,37.5892,126.9458,USER,https://example.com/profile/117,주방용품,2024-01-23 15:00:00,2024-01-23 15:00:00
118,윤성준,sungjun_yoon,010-7294-5816,sungjun.yoon@email.com,1991-05-20,M,서울특별시 종로구 청진동길 890,37.5729,126.9794,ADMIN,https://example.com/profile/118,생활용품,2024-01-23 15:45:00,2024-01-23 15:45:00
119,임지호,jiho_lim,010-5816-7294,jiho.lim@email.com,1988-09-07,M,서울특별시 마포구 마포대로 117,37.5555,126.9105,USER,https://example.com/profile/119,가공식품,2024-01-23 16:30:00,2024-01-23 16:30:00
120,송하림,harim_song,010-1472-6385,harim.song@email.com,1994-12-24,F,서울특별시 서대문구 독립문로 237,37.5748,126.9565,USER,https://example.com/profile/120,생활용품,2024-01-23 17:15:00,2024-01-23 17:15:00
121,조태영,taeyoung_cho,010-6385-1472,taeyoung.cho@email.com,1986-03-13,M,서울특별시 용산구 효창원로 789,37.5326,126.99,USER,https://example.com/profile/121,가공식품,2024-01-23 18:00:00,2024-01-23 18:00:00
122,김세아,sea_kim,010-3617-9284,sea.kim@email.com,1992-06-30,F,서울특별시 마포구 와우산로 104,37.55,126.929,USER,https://example.com/profile/122,주방용품,2024-01-23 18:45:00,2024-01-23 18:45:00
123,이준수,junsu_lee,010-9284-3617,junsu.lee@email.com,1990-09-17,M,서울특별시 서대문구 성산로 404,37.558,126.9369,USER,https://example.com/profile/123,신선식품,2024-01-24 09:00:00,2024-01-24 09:00:00
124,박하늘,haneul_park,010-5839-2746,haneul.park@email.com,1987-12-04,F,서울특별시 마포구 동교로 169,37.5578,126.9258,USER,https://example.com/profile/124,신선식품,2024-01-24 09:45:00,2024-01-24 09:45:00
125,최원석,wonseok_choi,010-2746-5839,wonseok.choi@email.com,1993-03-21,M,서울특별시 서대문구 거북골로 44,37.5721,126.9387,USER,https://example.com/profile/125,신선식품,2024-01-24 10:30:00,2024-01-24 10:30:00
126,정다현,dahyun_jung,010-4196-7583,dahyun.jung@email.com,1989-06-08,F,서울특별시 중구 정동길 456,37.5638,126.9973,ADMIN,https://example.com/profile/126,생활용품,2024-01-24 11:15:00,2024-01-24 11:15:00
127,한시온,sion_han,010-7583-4196,sion.han@email.com,1995-10-25,M,서울특별시 마포구 독막로 314,37.5634,126.9147,USER,https://example.com/profile/127,주방용품,2024-01-24 12:00:00,2024-01-24 12:00:00
128,강은수,eunsu_kang,010-8274-1596,eunsu.kang@email.com,1984-01-12,F,서울특별시 서대문구 모래내로 385,37.5798,126.9321,USER,https://example.com/profile/128,주방용품,2024-01-24 12:45:00,2024-01-24 12:45:00
129,윤재원,jaewon_yoon,010-1596-8274,jaewon.yoon@email.com,1991-04-29,M,서울특별시 종로구 북촌로 567,37.5729,126.9794,USER,https://example.com/profile/129,주방용품,2024-01-24 13:30:00,2024-01-24 13:30:00
130,임지우,jiwoo_lim,010-6372-4958,jiwoo.lim@email.com,1988-07-16,F,서울특별시 마포구 포은로 131,37.5625,126.9269,USER,https://example.com/profile/130,신선식품,2024-01-24 14:15:00,2024-01-24 14:15:00
131,송진호,jinho_song,010-4958-6372,jinho.song@email.com,1986-11-03,M,서울특별시 서대문구 명지대길 132,37.5798,126.9321,USER,https://example.com/profile/131,가공식품,2024-01-24 15:00:00,2024-01-24 15:00:00
132,조윤서,yunseo_cho,010-2685-1374,yunseo.cho@email.com,1992-02-20,F,서울특별시 용산구 이촌로 456,37.5326,126.99,USER,https://example.com/profile/132,가공식품,2024-01-24 15:45:00,2024-01-24 15:45:00
133,김민찬,minchan_kim,010-1374-2685,minchan.kim@email.com,1990-05-07,M,서울특별시 마포구 홍익로 25,37.5534,126.9211,USER,https://example.com/profile/133,가공식품,2024-01-24 16:30:00,2024-01-24 16:30:00
134,이서진,seojin_lee,010-7481-3629,seojin.lee@email.com,1987-08-24,F,서울특별시 서대문구 연세로 62,37.5595,126.9425,ADMIN,https://example.com/profile/134,생활용품,2024-01-24 17:15:00,2024-01-24 17:15:00
135,박현준,hyunjun_park,010-3629-7481,hyunjun.park@email.com,1994-11-11,M,서울특별시 마포구 양화로 198,37.55,126.914,USER,https://example.com/profile/135,생활용품,2024-01-24 18:00:00,2024-01-24 18:00:00
136,최나연,nayeon_choi,010-5927-8463,nayeon.choi@email.com,1989-01-28,F,서울특별시 서대문구 신촌로 146,37.5595,126.9368,USER,https://example.com/profile/136,가공식품,2024-01-24 18:45:00,2024-01-24 18:45:00
137,정도현,dohyun_jung,010-8463-5927,dohyun.jung@email.com,1985-04-15,M,서울특별시 중구 을지로4가 123,37.5638,126.9973,USER,https://example.com/profile/137,주방용품,2024-01-25 09:00:00,2024-01-25 09:00:00
138,한수진,sujin_han,010-1695-2847,sujin.han@email.com,1993-07-02,F,서울특별시 마포구 월드컵로 250,37.5563,126.9194,USER,https://example.com/profile/138,신선식품,2024-01-25 09:45:00,2024-01-25 09:45:00
139,강태준,taejun_kang,010-2847-1695,taejun.kang@email.com,1991-09-19,M,서울특별시 서대문구 통일로 496,37.5892,126.9458,USER,https://example.com/profile/139,가공식품,2024-01-25 10:30:00,2024-01-25 10:30:00
140,윤하영,hayoung_yoon,010-4738-6159,hayoung.yoon@email.com,1988-12-06,F,서울특별시 종로구 삼청로 789,37.5729,126.9794,USER,https://example.com/profile/140,가공식품,2024-01-25 11:15:00,2024-01-25 11:15:00
141,임성빈,seongbin_lim,010-6159-4738,seongbin.lim@email.com,1986-02-23,M,서울특별시 마포구 마포대로 119,37.5555,126.9105,ADMIN,https://example.com/profile/141,생활용품,2024-01-25 12:00:00,2024-01-25 12:00:00
142,송지원,jiwon_song,010-3582-7416,jiwon.song@email.com,1995-05-10,F,서울특별시 서대문구 독립문로 239,37.5748,126.9565,USER,https://example.com/profile/142,주방용품,2024-01-25 12:45:00,2024-01-25 12:45:00
143,조현민,hyunmin_cho,010-7416-3582,hyunmin.cho@email.com,1984-08-27,M,서울특별시 용산구 한남동길 890,37.5326,126.99,USER,https://example.com/profile/143,주방용품,2024-01-25 13:30:00,2024-01-25 13:30:00
144,김아영,ayoung_kim,010-2947-5183,ayoung.kim@email.com,1990-11-14,F,서울특별시 마포구 와우산로 106,37.55,126.929,USER,https://example.com/profile/144,가공식품,2024-01-25 14:15:00,2024-01-25 14:15:00
145,이경호,kyungho_lee,010-5183-2947,kyungho.lee@email.com,1992-01-31,M,서울특별시 서대문구 성산로 406,37.558,126.9369,USER,https://example.com/profile/145,가공식품,2024-01-25 15:00:00,2024-01-25 15:00:00
146,박지영,jiyoung_park,010-6829-4715,jiyoung.park@email.com,1987-04-18,F,서울특별시 마포구 동교로 171,37.5578,126.9258,USER,https://example.com/profile/146,신선식품,2024-01-25 15:45:00,2024-01-25 15:45:00
147,최우진,woojin_choi,010-4715-6829,woojin.choi@email.com,1989-07-05,M,서울특별시 서대문구 거북골로 46,37.5721,126.9387,USER,https://example.com/profile/147,신선식품,2024-01-25 16:30:00,2024-01-25 16:30:00
148,정민수,minsu_jung,010-1586-3974,minsu.jung@email.com,1993-10-22,M,서울특별시 중구 회현동1가 123,37.5638,126.9973,USER,https://example.com/profile/148,주방용품,2024-01-25 17:15:00,2024-01-25 17:15:00
149,한소율,soyul_han,010-3974-1586,soyul.han@email.com,1996-01-09,F,서울특별시 마포구 독막로 316,37.5634,126.9147,USER,https://example.com/profile/149,주방용품,2024-01-25 18:00:00,2024-01-25 18:00:00
150,강지훈,jihoon_kang,010-7293-4851,jihoon.kang@email.com,1985-03-26,M,서울특별시 서대문구 모래내로 387,37.5798,126.9321,ADMIN,https://example.com/profile/150,신선식품,2024-01-25 18:45:00,2024-01-25 18:45:00
151,윤예원,yewon_yoon,010-4851-7293,yewon.yoon@email.com,1991-06-13,F,서울특별시 종로구 운니동 45,37.5729,126.9794,USER,https://example.com/profile/151,가공식품,2024-01-26 09:00:00,2024-01-26 09:00:00
152,임진우,jinwoo_lim,010-2637-8419,jinwoo.lim@email.com,1988-09-30,M,서울특별시 마포구 포은로 133,37.5625,126.9269,USER,https://example.com/profile/152,생활용품,2024-01-26 09:45:00,2024-01-26 09:45:00
153,송다은,daeun_song,010-8419-2637,daeun.song@email.com,1994-12-17,F,서울특별시 서대문구 명지대길 134,37.5798,126.9321,USER,https://example.com/profile/153,신선식품,2024-01-26 10:30:00,2024-01-26 10:30:00
154,조승우,seungwoo_cho,010-5174-9386,seungwoo.cho@email.com,1986-02-04,M,서울특별시 용산구 녹사평로 789,37.5326,126.99,USER,https://example.com/profile/154,생활용품,2024-01-26 11:15:00,2024-01-26 11:15:00
155,김채영,chaeyoung_kim,010-9386-5174,chaeyoung.kim@email.com,1992-05-21,F,서울특별시 마포구 홍익로 27,37.5534,126.9211,USER,https://example.com/profile/155,생활용품,2024-01-26 12:00:00,2024-01-26 12:00:00
156,이도훈,dohoon_lee,010-6842-1597,dohoon.lee@email.com,1990-08-08,M,서울특별시 서대문구 연세로 64,37.5595,126.9425,USER,https://example.com/profile/156,가공식품,2024-01-26 12:45:00,2024-01-26 12:45:00
157,박수연,suyeon_park,010-1597-6842,suyeon.park@email.com,1987-11-25,F,서울특별시 마포구 양화로 200,37.55,126.914,USER,https://example.com/profile/157,가공식품,2024-01-26 13:30:00,2024-01-26 13:30:00
158,최재훈,jaehoon_choi,010-3729-4851,jaehoon.choi@email.com,1993-01-12,M,서울특별시 서대문구 신촌로 148,37.5595,126.9368,ADMIN,https://example.com/profile/158,신선식품,2024-01-26 14:15:00,2024-01-26 14:15:00
159,정예나,yena_jung,010-4851-3729,yena.jung@email.com,1989-04-29,F,서울특별시 중구 소공동 234,37.5638,126.9973,USER,https://example.com/profile/159,생활용품,2024-01-26 15:00:00,2024-01-26 15:00:00
160,한호진,hojin_han,010-5962-7384,hojin.han@email.com,1995-07-16,M,서울특별시 마포구 월드컵로 252,37.5563,126.9194,USER,https://example.com/profile/160,가공식품,2024-01-26 15:45:00,2024-01-26 15:45:00
161,강소정,sojeong_kang,010-7384-5962,sojeong.kang@email.com,1984-10-03,F,서울특별시 서대문구 통일로 498,37.5892,126.9458,USER,https://example.com/profile/161,가공식품,2024-01-26 16:30:00,2024-01-26 16:30:00
162,윤태현,taehyun_yoon,010-1638-2749,taehyun.yoon@email.com,1991-12-20,M,서울특별시 종로구 종로5가 567,37.5729,126.9794,USER,https://example.com/profile/162,신선식품,2024-01-26 17:15:00,2024-01-26 17:15:00
163,임유진,yujin_lim,010-2749-1638,yujin.lim@email.com,1988-03-07,F,서울특별시 마포구 마포대로 121,37.5555,126.9105,USER,https://example.com/profile/163,가공식품,2024-01-26 18:00:00,2024-01-26 18:00:00
164,송민규,mingyu_song,010-4173-8596,mingyu.song@email.com,1986-06-24,M,서울특별시 서대문구 독립문로 241,37.5748,126.9565,USER,https://example.com/profile/164,가공식품,2024-01-26 18:45:00,2024-01-26 18:45:00
165,조수아,sua_cho,010-8596-4173,sua.cho@email.com,1992-09-11,F,서울특별시 용산구 보광로 123,37.5326,126.99,USER,https://example.com/profile/165,신선식품,2024-01-27 09:00:00,2024-01-27 09:00:00
166,김준혁,junhyuk_kim,010-7219-3584,junhyuk.kim@email.com,1990-11-28,M,서울특별시 마포구 와우산로 108,37.55,126.929,ADMIN,https://example.com/profile/166,가공식품,2024-01-27 09:45:00,2024-01-27 09:45:00
167,이서현,seohyun_lee,010-3584-7219,seohyun.lee@email.com,1987-02-15,F,서울특별시 서대문구 성산로 408,37.558,126.9369,USER,https://example.com/profile/167,주방용품,2024-01-27 10:30:00,2024-01-27 10:30:00
168,박건우,gunwoo_park,010-6428-1759,gunwoo.park@email.com,1994-05-02,M,서울특별시 마포구 동교로 173,37.5578,126.9258,USER,https://example.com/profile/168,주방용품,2024-01-27 11:15:00,2024-01-27 11:15:00
169,최혜림,hyerim_choi,010-1759-6428,hyerim.choi@email.com,1989-08-19,F,서울특별시 서대문구 거북골로 48,37.5721,126.9387,USER,https://example.com/profile/169,주방용품,2024-01-27 12:00:00,2024-01-27 12:00:00
170,정성훈,sunghoon_jung,010-2846-5193,sunghoon.jung@email.com,1985-11-06,M,서울특별시 중구 황학동 890,37.5638,126.9973,USER,https://example.com/profile/170,가공식품,2024-01-27 12:45:00,2024-01-27 12:45:00
171,한지수,jisu_han,010-5193-2846,jisu.han@email.com,1993-01-23,F,서울특별시 마포구 독막로 318,37.5634,126.9147,USER,https://example.com/profile/171,가공식품,2024-01-27 13:30:00,2024-01-27 13:30:00
172,강현석,hyunseok_kang,010-7375-4629,hyunseok.kang@email.com,1991-04-10,M,서울특별시 서대문구 모래내로 389,37.5798,126.9321,USER,https://example.com/profile/172,주방용품,2024-01-27 14:15:00,2024-01-27 14:15:00
173,윤다영,dayoung_yoon,010-4629-7375,dayoung.yoon@email.com,1988-07-27,F,서울특별시 종로구 가회동 123,37.5729,126.9794,USER,https://example.com/profile/173,신선식품,2024-01-27 15:00:00,2024-01-27 15:00:00
174,임상현,sanghyun_lim,010-1594-8637,sanghyun.lim@email.com,1986-10-14,M,서울특별시 마포구 포은로 135,37.5625,126.9269,ADMIN,https://example.com/profile/174,가공식품,2024-01-27 15:45:00,2024-01-27 15:45:00
175,송가영,gayoung_song,010-8637-1594,gayoung.song@email.com,1992-12-01,F,서울특별시 서대문구 명지대길 136,37.5798,126.9321,USER,https://example.com/profile/175,가공식품,2024-01-27 16:30:00,2024-01-27 16:30:00
176,조윤호,yunho_cho,010-3751-2864,yunho.cho@email.com,1990-02-18,M,서울특별시 용산구 용산로 234,37.5326,126.99,USER,https://example.com/profile/176,생활용품,2024-01-27 17:15:00,2024-01-27 17:15:00
177,김서율,seoyul_kim,010-2864-3751,seoyul.kim@email.com,1987-05-05,F,서울특별시 마포구 홍익로 29,37.5534,126.9211,USER,https://example.com/profile/177,신선식품,2024-01-27 18:00:00,2024-01-27 18:00:00
178,이준영,junyoung_lee,010-6195-4782,junyoung.lee@email.com,1994-08-22,M,서울특별시 서대문구 연세로 66,37.5595,126.9425,USER,https://example.com/profile/178,주방용품,2024-01-27 18:45:00,2024-01-27 18:45:00
179,박채린,chaerin_park,010-4782-6195,chaerin.park@email.com,1989-11-09,F,서울특별시 마포구 양화로 202,37.55,126.914,USER,https://example.com/profile/179,가공식품,2024-01-28 09:00:00,2024-01-28 09:00:00
180,최동현,donghyun_choi,010-8329-1564,donghyun.choi@email.com,1985-01-26,M,서울특별시 서대문구 신촌로 150,37.5595,126.9368,USER,https://example.com/profile/180,가공식품,2024-01-28 09:45:00,2024-01-28 09:45:00
181,정수현,suhyun_jung,010-1564-8329,suhyun.jung@email.com,1993-04-13,F,서울특별시 중구 중림동 456,37.5638,126.9973,ADMIN,https://example.com/profile/181,가공식품,2024-01-28 10:30:00,2024-01-28 10:30:00
182,한민성,minseong_han,010-5847-2916,minseong.han@email.com,1991-07-30,M,서울특별시 마포구 월드컵로 254,37.5563,126.9194,USER,https://example.com/profile/182,가공식품,2024-01-28 11:15:00,2024-01-28 11:15:00
183,강지윤,jiyoon_kang,010-2916-5847,jiyoon.kang@email.com,1988-10-17,F,서울특별시 서대문구 통일로 500,37.5892,126.9458,USER,https://example.com/profile/183,신선식품,2024-01-28 12:00:00,2024-01-28 12:00:00
184,윤성호,seongho_yoon,010-7394-1628,seongho.yoon@email.com,1986-01-04,M,서울특별시 종로구 와룡동 789,37.5729,126.9794,USER,https://example.com/profile/184,생활용품,2024-01-28 12:45:00,2024-01-28 12:45:00
185,임소현,sohyun_lim,010-1628-7394,sohyun.lim@email.com,1995-03-21,F,서울특별시 마포구 마포대로 123,37.5555,126.9105,USER,https://example.com/profile/185,가공식품,2024-01-28 13:30:00,2024-01-28 13:30:00
186,송태욱,taeuk_song,010-4263-8571,taeuk.song@email.com,1984-06-08,M,서울특별시 서대문구 독립문로 243,37.5748,126.9565,USER,https://example.com/profile/186,주방용품,2024-01-28 14:15:00,2024-01-28 14:15:00
187,조은정,eunjeong_cho,010-8571-4263,eunjeong.cho@email.com,1992-09-25,F,서울특별시 용산구 한강진역 주변 123,37.5326,126.99,USER,https://example.com/profile/187,주방용품,2024-01-28 15:00:00,2024-01-28 15:00:00
188,김도영,doyoung_kim,010-1739-5284,doyoung.kim@email.com,1990-12-12,M,서울특별시 마포구 와우산로 110,37.55,126.929,USER,https://example.com/profile/188,주방용품,2024-01-28 15:45:00,2024-01-28 15:45:00
189,이유나,yuna_lee,010-5284-1739,yuna.lee@email.com,1987-02-29,F,서울특별시 서대문구 성산로 410,37.558,126.9369,ADMIN,https://example.com/profile/189,생활용품,2024-01-28 16:30:00,2024-01-28 16:30:00
190,박성준,sungjun_park,010-6827-4195,sungjun.park@email.com,1994-05-16,M,서울특별시 마포구 동교로 175,37.5578,126.9258,USER,https://example.com/profile/190,가공식품,2024-01-28 17:15:00,2024-01-28 17:15:00
191,최민영,minyoung_choi,010-4195-6827,minyoung.choi@email.com,1989-08-03,F,서울특별시 서대문구 거북골로 50,37.5721,126.9387,USER,https://example.com/profile/191,생활용품,2024-01-28 18:00:00,2024-01-28 18:00:00
192,정준우,junwoo_jung,010-2583-7194,junwoo.jung@email.com,1985-11-20,M,서울특별시 중구 예관동 234,37.5638,126.9973,USER,https://example.com/profile/192,생활용품,2024-01-28 18:45:00,2024-01-28 18:45:00
193,한다솜,dasom_han,010-7194-2583,dasom.han@email.com,1993-01-07,F,서울특별시 마포구 독막로 320,37.5634,126.9147,USER,https://example.com/profile/193,생활용품,2024-01-29 09:00:00,2024-01-29 09:00:00
194,강승민,seungmin_kang,010-5618-3749,seungmin.kang@email.com,1991-04-24,M,서울특별시 서대문구 모래내로 391,37.5798,126.9321,USER,https://example.com/profile/194,생활용품,2024-01-29 09:45:00,2024-01-29 09:45:00
195,윤지혜,jihye_yoon,010-3749-5618,jihye.yoon@email.com,1988-07-11,F,서울특별시 종로구 효자동 567,37.5729,126.9794,USER,https://example.com/profile/195,가공식품,2024-01-29 10:30:00,2024-01-29 10:30:00
196,임다윤,dayoon_lim,010-1462-8375,dayoon.lim@email.com,1986-09-28,F,서울특별시 마포구 포은로 137,37.5625,126.9269,ADMIN,https://example.com/profile/196,주방용품,2024-01-29 11:15:00,2024-01-29 11:15:00
197,송재혁,jaehyuk_song,010-8375-1462,jaehyuk.song@email.com,1995-12-15,M,서울특별시 서대문구 명지대길 138,37.5798,126.9321,USER,https://example.com/profile/197,주방용품,2024-01-29 12:00:00,2024-01-29 12:00:00
198,조미라,mira_cho,010-4927-6183,mira.cho@email.com,1984-02-02,F,서울특별시 용산구 신계동 890,37.5326,126.99,USER,https://example.com/profile/198,생활용품,2024-01-29 12:45:00,2024-01-29 12:45:00
199,김하준,hajun_kim,010-6183-4927,hajun.kim@email.com,1990-05-19,M,서울특별시 마포구 홍익로 31,37.5534,126.9211,USER,https://example.com/profile/199,신선식품,2024-01-29 13:30:00,2024-01-29 13:30:00
200,이다현,dahyun_lee,010-2741-5836,dahyun.lee@email.com,1992-08-06,F,서울특별시 서대문구 연세로 68,37.5595,126.9425,USER,https://example.com/profile/200,생활용품,2024-01-29 14:15:00,2024-01-29 14:15:00
